15.25,-5.182,58.41
69.55,-22.92,8.217
107.9,-70.08,-5.908
94.35,-40.92,11.18
142.2,-72.62,-56.36
144.9,-79.11,-71.3
147.5,-90.89,-39.52
150.2,-90.47,-44.73
132.8,-68.37,-43.22
105.8,-40.76,-25.67
87.21,-35.98,-47.12
80,-25.5,-10.59
163.6,-66.78,-5.978
95.59,-25.66,-0.1061
106.3,-28.77,-0.4007
171.7,-58.18,-0.6796
113.7,-21.84,1.714
177.1,-67.84,-1.378
179.8,-77.87,-6.793
182.4,-67.91,-16.47
185.1,-67.33,-5.284
187.8,-62.49,-2.999
148.2,-42.61,-6.562
121.9,-53.34,-87.15
113.1,-47.75,-43.58
99.56,-40.76,-79.37
96.17,-48.14,-109
117.9,-43.46,-32.6
98.8,-35.21,-52.04
136.8,-38.71,-23.4
117.7,-25.35,-3.258
183,-66.18,-32
104,-48.4,-153.6
138.7,-54.76,-46.26
111.7,-19.23,-1.088
147,-40.68,-27.79
182,-57.69,-45.03
127.8,-38.07,-73.52
230.8,-68.83,-47.85
233.2,-79.63,-90.27
197,-72.74,-101.4
127.9,-30.15,-42.32
152.7,-44.16,-46.75
135.9,-42.01,-86.64
150,-49.41,-53.26
151.3,-47.46,-59.22
248.5,-89.48,-83.95
135.2,-29.5,-33.97
136.3,-25.96,-16.12
137.4,-35.04,-28.49
163.6,-45.97,-71.81
258.2,-78.72,-95.38
126.6,-40.02,-68.71
141.6,-32.22,-27.03
134.6,-21.59,-10.29
202.9,-52.12,-62.54
210.2,-61.05,-77.8
217.7,-69.57,-84.16
158.4,-39.33,-65.13
271.3,-70.84,-56.83
272.7,-86.85,-114.3
274.1,-97.09,-116.6
275.3,-79.87,-88.33
212,-52.03,-40.64
177.9,-35.23,-21.63
205.5,-54.25,-139.2
227.6,-68.3,-136
200.9,-57.65,-122.1
201.6,-56.6,-95.64
187.6,-55.74,-147.9
196.5,-57.94,-89.62
175.8,-59.86,-87.32
225.2,-71.11,-165.9
285.4,-88.14,-172.8
285.9,-92.78,-146.1
168.7,-57.66,-112.2
242.2,-83.45,-128.6
177.8,-52.74,-144.7
177.9,-45.44,-119.1
191.1,-50.91,-139
212.4,-66.06,-140
287.7,-90.62,-152.1
212.4,-67.43,-117.5
141.1,-50.25,-126.1
156.5,-51.98,-84.26
205.7,-52.76,-107.7
233.7,-59.51,-76.68
242.1,-62.51,-84.55
168.6,-43.83,-62.64
168.3,-59.08,-155.5
167.9,-56.29,-149
154.8,-51.9,-152.5
145.7,-43.52,-91.61
175.1,-37.88,-69.74
216.6,-57.23,-136.9
180.4,-41.03,-50.68
236.6,-77.62,-131.1
172.8,-52.01,-114.9
192.9,-57.5,-142.1
240.2,-77.77,-113.2
276.1,-87.92,-154.4
149.2,-47.28,-135.3
195.4,-63.71,-178.5
272.2,-74.83,-84.79
270.8,-76.97,-64.44
269.3,-75.8,-78.21
231.5,-52.27,-106.7
203.7,-46.01,-64.42
202.4,-57.05,-86.38
207.1,-71.08,-229.4
261.2,-75.93,-124.9
146.2,-48.85,-90.15
177.9,-59.77,-157.8
255.8,-86.95,-221.7
253.9,-79.67,-177
147.4,-52.89,-115.1
159.4,-57.63,-135.8
139.4,-51.25,-88.74
206.2,-74.39,-134.8
209.8,-82.54,-120.6
241.6,-91.68,-105.8
239.4,-91.75,-128.4
120.4,-36.53,-121.3
184.2,-63.43,-133.6
205.2,-77.85,-148.3
230.4,-100.5,-172.9
228.1,-96.84,-137.7
193.7,-74.16,-155.5
179.8,-52.71,-59.15
161.3,-53.62,-67.29
218.6,-85.34,-136.3
216.1,-71.95,-78.91
151.2,-43.08,-52.92
154,-49.14,-63.24
116.3,-52.3,-168.8
110.1,-59.23,-307.2
148.3,-63.15,-161.1
176.2,-77.97,-124.3
173.8,-71.33,-89.03
113.3,-39.81,-74.71
122,-49.17,-104.3
190.6,-88.97,-157.2
104.3,-43.93,-97.1
134.8,-50.98,-103.8
151.6,-73.93,-132.6
136.1,-54.56,-102.6
121.2,-61.26,-94.9
110.1,-63.93,-130.3
150.2,-97.32,-220.4
144.1,-86.45,-92.36
138.2,-78.3,-79.79
103.3,-55.56,-106.6
97.88,-57.07,-154.4
159.1,-107.5,-154.5
117.9,-74.53,-125.8
111.4,-51.26,-31.94
106.2,-44.86,-22.93
111.9,-50.03,-35.11
99.26,-41.49,-36.13
67.61,-28.77,-48.49
88.24,-35.59,-29.16
107,-51.91,-58.42
98.09,-51.76,-70.39
76.14,-35.6,-46.38
71.66,-35.36,-21.35
108.2,-64.46,-37.35
81.43,-36.79,-51.59
79.8,-26.97,-12.68
78.18,-38.39,-31.37
73.84,-54.11,-75.35
60.66,-17.5,-7.612
62.01,-40.1,-40.04
77.62,-79.93,-78.17
73.56,-45.88,-30.85
52.22,-15.64,-10.19
85.39,-84.26,-131
85.57,-92.33,-161.2
54.22,-24.65,-46.43
45.22,-19.67,-40.28
75.19,-78.22,-143.5
79.8,-98.3,-99.69
51.41,-57.91,-63.67
50.17,-42.88,-73.54
64.51,-47.56,-10.48
83.95,-76.46,-29.21
52.94,-35.76,-16.8
79.79,-94.27,-33.91
77.76,-98.47,-62.91
52.97,-67.83,-79.16
38.5,-34.71,-42.23
50.23,-64.71,-41.25
69.89,-87.34,-42.67
49.08,-44.37,-7.65
66.14,-82.7,-38.91
64.32,-83.43,-29.86
62.52,-103.4,-76.09
48.25,-76.23,-39.13
59.03,-90.91,-36.97
57.33,-96.78,-39.19
25.84,-45.63,-48.43
32.53,-56.44,-56.67
52.41,-91.7,-71.69
50.83,-99.02,-53.64
41.56,-86.2,-86.75
47.76,-101.1,-65.88
36.9,-88.58,-57.99
44.83,-86.69,-36.79
31.55,-49.24,-19.44
42.02,-90.99,-20.5
30.77,-31.89,11.22
26.95,-2.999,36
17.77,-10.43,6.193
17.2,-21.32,-3.806
16.64,-20.84,-2.792
16.09,-11.97,6.252
21.84,-24.42,6.712
15.88,10.98,32.71
31.01,-60.03,1.822
14.05,10.18,28.57
16.03,-3.616,18.92
14.8,-12.65,2.62
21.12,-53.77,-9.203
14.46,-32.78,-13.57
12.49,-19.27,0.669
12.89,-25.43,-2.563
13.6,-38.05,-14.31
12.03,-34.75,-14.89
11.62,-18.16,2.157
10.5,-20.04,1.684
10.84,-22.16,2.159
15.81,-61.69,-5.184
8.954,-28.66,-6.594
10.67,-14.47,6.104
17.4,-66.42,-3.275
8.076,-22.3,-4.009
8.247,-26.87,-5.829
8.928,-34.89,-28.97
10.72,-61.32,-17.74
7.464,-24.29,-2.855
7.226,-17.13,7.625
6.626,-6.936,7.164
6.782,-14.29,2.89
7.369,-12.94,12.72
6.04,-2.653,23.97
5.866,-14.18,2.711
5.7,-3.202,2.513
5.856,-28.24,-5.904
7.572,-60.08,-66.84
8.175,-86.96,-119.7
9.837,-119.3,-236.4
6.552,-54.27,-15.69
5.683,-30.34,1.059
3.635,-24.85,-5.191
3.562,5.884,45.46
4.869,-17.13,13.29
5.66,-54.14,-17.14
1.111,-17.22,4.774
1.525,-29.92,2.065
2.743,-71.96,-38.76
1.909,-58.84,-16.53
1.474,-17.74,12.8
1.525,-9.349,27.6
6.482,-37.71,20.86
5.023,-46.63,-5.836
3.148,-29.26,-66.72
2.625,-106.4,-74.88
1.848,-96.66,-60.39
1.18,-1.28,78.73
4.851,-12.44,25.85
4.247,-21.42,5.976
3.4,1.259,113.4
4.318,-33.48,-7.286
5.652,-67.48,-33.79
8.408,-111.7,-65.52
8.524,-116.1,-52.62
3.616,-55.36,-92.22
5.041,-70.58,-91.08
3.534,-42.65,-59.67
3.605,-22.47,-8.787
1.377,-33.07,-17.12
1.237,-30.12,-23.52
1.267,-27.9,-18.5
1.477,-33.72,-18.25
1.515,-26.62,-4.557
1.556,-42.25,-43.11
1.406,-20.05,-0.4603
2.099,-36.84,1.256
1.578,-13.41,5.059
1.835,-26.7,0.2419
1.801,-38.77,-9.884
2.046,-62.05,-86.91
4.235,-106.9,-123.3
2.523,-68.08,-81.16
3.654,-83.07,-53.97
3.668,-95.96,-104.4
4.817,-132.8,-169.5
1.993,-60.6,-119.3
2.063,-18.99,0.2063
2.135,-17.19,2.439
2.211,-35.44,-38.59
2.289,-23.55,-9.418
2.371,-28.38,-20.32
2.788,-38.61,-31.92
2.692,-32.84,-26.72
2.635,-38.14,-45.66
2.73,-37.94,-44.09
6.978,-95.64,-84.62
2.929,-24.4,-9.906
3.033,-6.689,9.001
7.722,-50.73,13.31
4.926,-31.55,4.941
5.098,-30.89,5.53
3.487,-20.25,-4.867
4.09,-36.29,-28.19
9.117,-91.3,-45.96
6.055,-63.3,-51.08
7.015,-78.14,-72.07
4.684,-32.58,-17.55
4.277,-31.37,-28.36
7.994,-60.09,-6.786
11.05,-73.77,-6.684
8.526,-57.82,-3.651
7.344,-31.68,2.897
12.13,-73.05,-11.36
9.08,-66.6,-17.77
5.372,-31.71,-27.87
13.28,-71.36,-0.7306
6.78,-37.61,-42.83
14.09,-89.43,-41.04
10.58,-46.05,-1.304
11.25,-64.57,-18.11
12.77,-83.05,-26.24
15.79,-90.71,-44.59
10.26,-59.25,-46.48
13.91,-91.01,-67.25
11.26,-36.91,-0.09766
14.31,-55.42,-2.044
18.1,-98.45,-53.01
18.59,-108,-55.64
12.58,-63.34,-59.79
12.47,-52.57,-19.63
16.84,-64.21,-4.142
15.22,-52.74,-11.67
12.84,-41.58,-8.734
17.7,-58.76,-2.117
14.21,-46.58,-14.52
15.09,-55.2,-35.48
11.87,-33.58,-23.53
10.32,-9.236,16.49
15.69,-21.44,38.76
13.35,-7.655,15.95
18.42,-26.72,21.1
20.08,-31.74,15.03
14.33,-8.443,21.09
16.8,-24.69,6.375
17.19,-28.41,2.278
15.35,-21.88,3.152
14.37,-21.3,1.056
19.29,-39.92,-1.677
18.05,-37.64,-4.018
23.96,-57.51,-11.34
24.46,-27.28,17.7
19.24,-23.46,2.767
25.48,-30.25,10.25
33.38,-40.27,9.917
34.01,-46.66,10.29
28.91,-43.44,6.239
35.29,-79.93,-2.941
22.53,-33.47,0.3355
16.43,0.3815,17.09
50.96,4.848,25.5
58.22,-4.488,11.83
68.32,-12.75,15.05
100.1,-27.08,12.91
80.28,-15.11,15.75
123.2,-55.75,7.269
98.63,-31.67,8.241
100.3,-40.12,3.145
61.89,-6.461,10.9
59.85,6.731,81.55
81.16,-1.668,14.21
147.6,-47.35,3.422
97.58,-6.889,6.377
135.2,-13.95,20.89
158.7,-36.53,10.64
102.2,-9.934,8.63
141.4,-43.27,-3.594
100.9,-25.58,-6.348
106.8,-20.79,-0.1388
156.3,-46.11,-3.505
99.22,-15.65,0.4475
95.85,-25.05,-12.95
97.16,-24.88,-21.67
145.3,-48.57,-21.36
167.1,-64.6,-39.27
112.6,-31.84,-29.35
177.6,-57.43,-26.04
120.3,-31.02,-13.76
149.7,-48.73,-53.27
106.2,-26.94,-26.27
141.5,-24.27,-1.299
138,-14.54,-2.907
173.3,-20.65,-3.936
146.3,-14.25,-5.491
205,-49.77,-15.54
189.4,-50.86,-28.39
114.7,-52.14,-109.8
152.3,-71.04,-130.1
171.6,-75.4,-137.4
167.9,-60.46,-108.9
211.7,-80.65,-110
189.2,-62.7,-86.15
202.2,-60.15,-58.82
217.2,-74.88,-103
219,-76.34,-214.2
226.5,-99.68,-208.9
216.6,-92.69,-199.7
171.6,-70.56,-160.3
261.4,-106.5,-165.2
221.3,-78.22,-98.75
169.2,-53.84,-78.04
190,-62.11,-118.2
268,-78.34,-70.94
192.4,-58.86,-88.6
187.5,-60.88,-70.25
272.4,-94.84,-122.1
273.7,-81.65,-74.38
275,-91.42,-130.4
276.3,-83.78,-73.49
277.4,-85.67,-135.7
151.3,-43.71,-108.6
185.5,-51.22,-108.7
249.6,-73.36,-122.6
201.4,-50.14,-88.85
229.8,-83.16,-166.9
202.7,-64.42,-167.5
217.9,-55.04,-97.92
189,-51.39,-93.49
232.2,-63.36,-82.67
226,-68.48,-135.8
198.6,-41.62,-125.5
198.9,-60.48,-239.9
220.4,-75.64,-196.6
220.6,-74.96,-189
163,-49.8,-90.36
147.8,-58.7,-159.5
178.2,-64.73,-170.8
212.4,-66.31,-179.7
191.1,-63.92,-99.63
169.4,-41.41,-82.33
141,-40.02,-74.39
162.7,-39.48,-57.19
168.9,-40.81,-32.93
155.8,-43.85,-81.67
198.3,-56.48,-103.8
183,-46.8,-36.17
253.5,-74.69,-106
145.8,-39.23,-128.1
166.8,-51.51,-101.1
244.9,-81.01,-139.1
201.5,-64.84,-135.6
173.6,-55.65,-69.36
200,-64.68,-127.7
220.1,-71.08,-105.7
225.6,-84.45,-150.2
135.2,-35.72,-92.12
134.6,-41.71,-129.4
160.9,-55.09,-146.1
180.6,-50.76,-47.5
187.7,-56.35,-89.03
192.5,-65.63,-96.82
211.4,-74.68,-137.4
216.3,-77.92,-133.7
208.8,-74.39,-143.1
128.4,-36.21,-66.1
180.8,-64.88,-125.9
259.9,-83.6,-169.9
209.1,-74.5,-70.3
124.7,-31.65,-59.22
137.4,-45.37,-66.3
179.7,-49.5,-92.13
183.7,-55.61,-121.9
219.7,-86.65,-118.8
212.2,-88.19,-126.3
215.8,-81.46,-118.3
166.8,-50.83,-68.01
188.3,-67.55,-66.86
174.1,-61.82,-77.79
207.8,-65.92,-62.4
182.9,-52.36,-68.03
124.1,-25.92,-47.98
128,-39.1,-55.17
165.4,-56.81,-82.34
153.9,-47.02,-56.88
221.6,-79.53,-92.45
219.2,-70.13,-76.28
216.7,-82.87,-88.79
214.2,-66.93,-77.04
186,-66.12,-95.97
209.2,-76.32,-96.45
146.2,-46.79,-149.1
179.1,-78.75,-197.2
201.6,-81.4,-112.4
121.3,-43.72,-88.6
109.2,-48.72,-63.95
126.9,-60.2,-120.3
110.5,-45.25,-154.8
109,-43.01,-81.35
158.5,-85.16,-153.4
119.8,-52.33,-96.78
180.8,-108.4,-190.7
108.2,-68.58,-117.9
83.46,-35.86,-103.7
125.5,-64.15,-111.5
94.12,-47.55,-88.49
118,-67.65,-243.3
99.93,-40.58,-64.88
80.8,-30.5,-47.47
91.75,-42.28,-42.52
106.9,-54.58,-48.73
116.4,-70.19,-63.88
125.5,-68.15,-59.48
85.57,-38.09,-55.46
106.1,-42.06,-34.81
118.9,-64.71,-52.96
112.6,-76.97,-99.29
138.9,-92.99,-112.4
115.3,-74.71,-56
133.8,-82.5,-108.3
61.68,-30.8,-30.71
67.6,-31.75,-69.34
72.1,-34.71,-90.33
77.33,-51.33,-105.4
72.95,-56.24,-69.92
102.8,-92.77,-115.2
54.47,-21.93,-59.66
53.31,-19.7,-19.86
111.5,-72.9,-75.71
53.69,-28.37,-60.55
58.37,-43.75,-63.31
78.36,-63.96,-45.77
76.61,-63.6,-46.29
74.87,-64.56,-28.63
73.16,-63.99,-43.46
61.64,-52.07,-60.94
73.84,-52.7,-92.87
90.91,-79.56,-43.92
60.05,-53.59,-55.93
86.59,-96.38,-37.26
60.87,-69.4,-36.28
42.99,-36.22,-62.24
51.93,-39.77,-19.97
36.36,-17.55,-8.63
54.98,-51.87,-29.98
48.04,-43.75,-25.93
45.1,-42.02,-20.96
70.35,-92.22,-132.1
68.45,-95.53,-95.85
45.14,-62.19,-76.17
46.75,-65.64,-73.41
42.7,-63.98,-60.16
39.67,-58.4,-48.47
31.03,-34.03,-28.12
26.81,-25.44,-30.2
26.03,-20.41,-8.031
26.63,-20.73,-16.93
30.14,-33.36,-35.18
25.08,-26.53,-14.28
25.97,-31.2,-18.74
29.05,-32.32,-14.1
24.42,-13.17,10.77
22.17,-30.4,-12.25
25.06,-30.91,-4.999
22.22,-20.49,2.933
31.89,-57.42,-14.77
39.68,-96.65,-30.72
23.3,-64.11,-66.82
19.53,-34.26,-29.43
17.7,-28.71,-35.75
21.12,-37.31,-15.11
29.02,-65.79,-8.145
16.01,-38.91,-22.58
19.84,-34.28,-1.746
14.17,2.935,50.61
24.2,-55.6,-7.647
28.12,-76.08,-20.13
20.73,-58.65,-19.32
13.04,-26.1,-5.392
15.53,-26.55,2.683
11.52,-27.03,-19.94
11.75,-16.66,10.93
16.28,-27.39,27.51
21.84,-80.38,-49.36
14.08,-36.93,-16.95
17.77,-43.67,21.83
19.57,-93.32,-59.35
10.2,-46.71,-51.4
14.5,-78.08,-106.3
17.55,-105.8,-48.83
16.93,-97.23,-34.2
14.89,-101.5,-37.88
6.103,-28.74,-22.85
4.586,-76.88,-29.7
2.219,-38.75,-25.71
2.384,-32.65,0.8287
1.662,-23.14,-3.153
1.832,-42.55,-13.93
1.562,-30.6,-7.038
1.724,-49.72,-28.54
2.046,-37.15,-2.988
2.633,-54.94,-2.622
1.39,-35.45,-34.07
1.883,-36.35,-1.835
1.5,-8.021,12.72
1.866,-2.146,41.64
6.068,-22.54,9.943
9.449,-44.84,18.22
9.25,-66.89,-0.3306
6.177,-52.18,-3.132
4.891,-16.52,31.68
5.954,-44.84,0.9095
6.062,-50.53,-0.04209
3.343,-29.3,-8.063
3.298,3.818,105.3
4.994,-8.803,31.35
3.674,2.024,84.67
4.903,-19.47,19.41
5.451,-30.55,-4.735
6.276,-60.04,-39.71
8.331,-99.17,-43.94
3.581,-37.3,-17.85
4.82,-20.56,69.59
5.821,-38.42,6.586
5.03,-52.95,-28.77
1.045,-28.95,-21.33
1.817,-65.33,-37.99
1.415,-52.5,-45.51
1.072,-14.42,4.386
1.235,-29.24,-8.169
1.467,-3.31,18.09
2.833,-71.5,-5.263
1.425,-23.96,6.154
1.383,-14.79,8.993
2.986,-64.32,-5.841
1.912,-30.24,6.102
2.269,-40.25,14.03
2.421,-39.16,18.57
2.555,-23.42,32.95
1.506,-0.2858,35.75
10.44,-53.93,5.496
6.745,-6.795,134.9
8.096,-10.9,27.18
8.981,-25.67,82.61
9.884,-33.51,5.466
12.94,-85.72,-15.26
7.706,-31.39,-10.79
6.724,1.342,66.15
6.946,3.735,107.6
8.112,-17.92,8.342
8.78,-36.06,-17.43
10.4,-45.11,-23.88
13.21,-69.08,-23.42
17.1,-85.17,-28.09
13.28,-57.59,-35.62
11.82,-62.1,-35.91
10.51,-61.91,-41.88
8.533,-42.32,-20.62
8.835,-35.76,-7.942
7.677,-25.38,-7.02
7.951,-23.55,-4.814
3.378,-24.72,1.322
5.327,-52.65,-3.224
4.733,-41.43,-2.832
3.981,-27.38,0.4112
5.489,-56.96,-7.124
3.84,-14.14,11.2
3.34,0.1185,36.79
11.93,-24.6,-4.822
15.65,-49.74,-35.79
12.78,-39.07,-53.21
11.67,-22.66,-20.75
18.9,-28.43,42.47
21.89,-49.96,-5.185
15.34,-25.73,0.9886
18.36,-39.04,-36.26
5.636,-38.57,-60.54
8.811,-76.3,-78.79
9.633,-93.59,-47.62
5.933,-39.99,-28.86
6.41,-24.81,4.53
10.29,-56.51,-0.6417
9.9,-59.05,-17.78
7.462,-34.68,-8.563
8.787,-64.84,-69.46
14.4,-104.2,-108.5
8.523,-64.77,-86.73
15.25,-85.54,-47.75
15.69,-86.4,-43.57
12.19,-79.52,-73.4
7.404,-33.4,-31.86
10.26,-75.81,-132.5
17.51,-123.6,-76.04
13.64,-97.12,-97.4
8.872,-33.07,-59.76
15.43,-78.33,-28.36
14.34,-68.23,-24.42
19.96,-64.11,-0.4321
10.83,-23.02,-0.34
20.99,-80.23,-25.36
13.1,-47.35,-23.03
9.501,-16.25,4.86
13.25,-59.11,-110.6
11.79,-59.6,-52.82
11.55,-49.02,-46.62
18.03,-78.75,-35.73
10.78,-28.29,-13.63
11.64,-20.87,0.3677
17.94,-50.94,-10.55
21.26,-84,-55.73
15.43,-47.46,-25.81
18.59,-53.97,-27.38
18.36,-40.95,-2.351
17.19,-38.87,-5.839
19.19,-40.72,0.07851
14,-18.32,0.969
20.73,-15.89,12.16
31.35,-39.74,7.885
31.97,-48.58,6.503
17.76,-4.115,14.31
25.09,-33.56,5.014
33.86,-74.97,3.136
34.5,-64.02,7.909
24.7,-28.08,14.66
35.78,-63.59,7.952
22,-8.89,21.8
79.55,-19.79,52.45
69.49,-22.17,22.81
55.42,-0.6325,21.54
90.47,-35.37,7.875
82.71,-28.64,6.493
55.63,-2.756,14.9
82.76,5.453,37.34
77.26,1.66,38.66
75.53,-10.48,22.55
69.75,-0.3731,6.019
104.9,-22.9,11.38
85.68,0.1766,20.03
140.5,-23.8,16.02
125.7,-28.1,2.379
181.1,-72.71,-4.19
152.4,-59.87,-19.63
158.8,-58.51,-10.08
161.1,-65.95,-19.61
135.3,-48.22,-18.16
194.4,-88.91,-26.79
197.1,-74.3,-11.23
199.7,-69.28,-29.53
202.3,-88.49,-28.33
204.9,-83.13,-31.37
99.48,-25.25,-35.88
133,-36.98,-16.96
134.6,-35.31,-9.891
103.4,-26.28,-20.04
116.5,-24.54,-5.313
134.5,-39.29,-37.09
129.3,-46.64,-70.87
192.9,-78.46,-67.23
227.4,-89.53,-79.53
192,-81.99,-105
152.7,-60.45,-59.89
154.3,-59.95,-50.09
198.1,-71.15,-66.41
238.9,-94.34,-72.43
207.4,-74.45,-63.51
243.3,-83.05,-73.86
174.4,-50.61,-84.04
133.4,-58.92,-200.4
249.6,-102.1,-168.3
173.5,-70.93,-92.14
224.3,-85.08,-158.4
124.2,-34.53,-74.7
125.2,-29.74,-43.31
203.9,-54.5,-30.55
261,-66.06,-21.2
212.9,-72.16,-144.8
135,-36.92,-53.44
129.7,-28.24,-69.21
210.9,-57.79,-86.33
157.9,-58.18,-94.44
187.3,-54.33,-105.7
200.3,-62.28,-70.37
154.5,-50.82,-104.9
231.5,-85,-113
141.4,-49.52,-130.5
135.6,-39.77,-53.48
198.6,-55.11,-31.56
199.5,-50.35,-38.71
158.7,-59.5,-179.4
222.3,-77.62,-161.2
174.6,-52.05,-96.11
196.3,-45.67,-44.09
239.6,-77.04,-143.2
203.3,-63.33,-131.2
203.8,-68.2,-85.08
161.9,-52.19,-89.38
140.4,-42.25,-105.5
242.1,-63.99,-56.08
242.4,-71.58,-78.49
177.9,-49.12,-67.35
205.5,-59.38,-119.2
205.7,-56.07,-87.93
178.2,-38.82,-56.7
163.1,-35.84,-68.35
287.6,-68.81,-69.79
205.6,-54.81,-127.1
227.4,-58.15,-74.94
205.3,-63.8,-182.8
205,-66.61,-184.8
233.2,-74.71,-191.5
198.4,-58.33,-192
285.4,-91.48,-167.8
240.5,-70.47,-112.7
203.4,-59.77,-62.09
205.1,-52.09,-70.84
204.5,-56.41,-72.7
195.4,-42.12,-59.52
228.5,-65.76,-181.6
173.1,-35.41,-79.55
248.1,-57.47,-70.74
277.8,-63.01,-47.96
199.9,-44.02,-72.61
199,-58.5,-88.85
274.2,-82.23,-107.3
272.9,-84.84,-221
241.1,-71.25,-152.1
178.9,-70.91,-246.2
137.4,-50.88,-96.26
192.6,-72.25,-157.1
191.4,-65.89,-141.1
263.8,-79.71,-111.3
133.8,-46.04,-95.48
152.5,-55.7,-104.9
165.1,-56.48,-102.6
169.7,-56.78,-123.7
183.4,-71.46,-144.3
182,-76.72,-109.5
146.7,-64.91,-172.4
164.3,-65.83,-100.5
177.5,-64.13,-120.8
179.4,-72.43,-146.1
167.2,-63.21,-69.56
172.7,-59.38,-134.5
171.1,-70.75,-141.4
167.6,-64.22,-84.48
125.7,-42.92,-109.1
129.7,-47.87,-137.9
229.3,-85.07,-174.2
149.2,-57.4,-181.1
159.7,-75.99,-123.2
157.9,-67.45,-98.34
122.7,-47.96,-59.97
154.4,-60.74,-90.33
124.7,-23.41,-35.81
123.2,-34.26,-31.43
128.1,-39.63,-48.63
147.1,-60.01,-103.7
145.3,-55.18,-70.61
127.9,-44.74,-101
160.2,-68.45,-121.4
129,-57.71,-74.42
112.5,-39.92,-94.97
163.6,-65.08,-37.64
134,-53.48,-55.36
132.1,-45.28,-40.22
106.2,-37.07,-65.39
90.73,-35.11,-59.03
116.7,-57.11,-138.9
97.5,-53.81,-163.6
126,-74.5,-133.1
120.7,-71.47,-175.4
118.8,-65.07,-133.3
116.5,-41.74,-114.8
111,-50.01,-95.86
132.6,-77.74,-90.3
133.8,-69.32,-47.08
77.05,-31.5,-47.99
106,-54.75,-56.2
104.2,-53.92,-78.52
100.1,-42.54,-50.65
100.5,-37.71,-17.69
70.36,-22.14,-28.49
94.77,-39.3,-54.34
109,-81.2,-75.44
93.23,-66.7,-96.19
91.45,-70.43,-71.4
112,-71.34,-69.89
62.58,-44.13,-113.7
77.71,-27.54,-43.33
94.19,-74.02,-120.1
119.4,-101.8,-131.3
81,-74.79,-120.6
79.31,-37.62,-12
78.43,-36.69,-7.808
74.34,-32.15,-3.095
66.99,-45.7,-57.83
72.68,-45.98,-24.79
71.07,-38.25,-9.678
69.47,-40.58,-22.51
67.89,-67.03,-47.48
52.33,-21.07,0.7199
45.92,-16.8,-0.212
72.51,-63.45,-61.1
61.73,-54.56,-68.8
49.54,-37.71,-43.59
39.51,-20.29,-20.69
56.08,-53.01,-30.67
67.96,-64.25,-32.91
78.73,-75.65,-37.83
53.64,-50.13,-29.59
50.6,-48.5,-39.19
33.79,-14.22,1.179
36.96,-26.46,-9.572
46.69,-35.94,-12.87
40.26,-28.43,-16
48.95,-34.52,7.148
63.38,-75.51,-32.93
33.64,-28.24,-12.69
44.99,-61.9,-60.54
43.71,-81.5,-71.33
46.42,-89.26,-61.76
54.8,-109.5,-56.8
24.7,-55.37,-52.41
25.26,-47.75,-33.86
23.25,-40.61,-49.15
26.55,-25.47,-2.472
21.86,-38.84,-59.13
28.59,-65.68,-85.27
44.09,-104.1,-79.82
19.89,-45.4,-67.42
35.7,-70.58,-20.87
21,-40.45,-20.85
19.05,7.626,31.62
17.47,5.343,47.7
16.91,-2.259,11.77
16.35,2.868,20.36
21.54,-29,8.365
24.82,-36.87,7.779
14.78,-2.075,34.72
19.34,-10.76,86.6
18.81,-24.5,5.932
18.18,-28.03,2.901
18.09,-20.77,45.34
13.15,-17.91,-2.852
12.7,-11.17,29.83
16.31,-39.48,-27.65
15.2,-46.26,-41.2
14.78,-25.84,15.39
14.27,-37.13,-26.54
13.69,-29.42,-6.454
16.65,-70.74,-105.9
14.71,-76.96,-64.33
16.36,-94.5,-56.04
18.36,-105.1,-57.98
11.59,-58.64,-33.92
11.2,-53.86,-23.88
8.966,-37.68,-32.88
8.104,-33.06,-12.28
7.419,-26.62,-6.533
7.179,-8.705,8.669
6.948,-24.42,-20.9
9.171,-47.14,-35.54
8.885,-49.57,-19.03
8.613,-56.2,-30.6
10.94,-90.59,-41.11
10.82,-78.77,-31.95
7.137,-26.9,2.291
6.937,-30.1,-2.719
5.466,-27.51,-14.43
5.324,-23.8,-9.07
5.19,-19.32,-0.1733
5.065,-18.96,0.7687
5.227,-22.56,-1.48
5.468,-29.79,-10.74
7.154,-62.95,-27.26
4.647,-14.45,2.902
6.683,-13.9,19.01
9.046,-70.36,2.573
6.192,-27.31,2.06
7.378,-52.1,0.2005
7.111,-40.79,4.124
5.045,-39.12,-25.1
7.492,-74.2,-25.47
8.084,-86.96,-34.5
1.245,-37.82,-12
2.632,-103.7,-37.28
1.379,-45.29,-14.15
1.44,-37.87,-4.651
1.035,-17.6,1.653
2.12,-63.75,-4.448
2.65,-75.16,-2.061
2.145,-75.78,-68.83
1.267,-52.55,-113.4
1.112,-49.42,-113.5
1.082,-41.95,-115.4
1.312,-45.1,-47.18
1.179,-34.88,-32.13
1.131,-32.1,-22.3
2.281,-97.2,-49.6
1.704,-67.75,-39.04
1.197,-40.33,-28.99
1.224,-35.45,-26.71
1.252,-31.8,-30.57
1.283,-35.99,-42.82
1.315,-35.53,-23.66
1.431,-35.14,-30.75
1.388,-6.902,34.68
1.512,4.702,90.75
6.833,-23.14,19.43
5.77,-16.7,30.4
4.749,-13.45,7.971
4.898,-18.3,1.835
5.056,-28.69,-18.71
1.716,-31.07,-38.5
1.878,-29.72,-22.43
1.833,-43.91,-110.9
1.895,-47.01,-131.7
3.1,-77.8,-139.3
2.029,-51.87,-75.91
2.386,-25.08,-3.647
2.174,-14.13,19.11
5.6,-81.11,-10.33
5.794,-84.42,-33.61
3.945,-71.67,-31.45
4.761,-86.21,-33.34
4.579,-82.3,-39.11
3.046,-42.67,-19.04
6.865,-70.2,-4.205
7.102,-96.34,-22.01
5.087,-73.44,-27.27
4.446,-41.07,-4.365
4.232,-64.91,-84.52
3.312,-46.87,-56.09
3.429,-35.83,-22.21
4.422,-46.6,-19.33
3.674,-27.24,-16.84
4.308,-37.4,-45.7
9.58,-87.06,-56.95
6.597,-91.84,-66.69
6.818,-89.44,-59.49
7.621,-88.89,-52.22
6.442,-68.94,-43.76
4.649,-26.45,-21.9
4.803,-23.18,-10.91
4.961,-34.65,-48.36
5.124,-40.59,-64.95
5.589,-40.63,-45.86
10.23,-83.71,-63.33
13.49,-95.37,-37.86
6.889,-41.23,-16.77
8.548,-16.54,10.98
10.74,-49.4,-0.3521
9.545,-47.27,-14.91
11.76,-71.78,-44.42
8.005,-47.12,-43.99
6.964,-34.31,-46.08
7.17,-40.11,-87.32
7.79,-42.71,-81.96
14.93,-99.72,-125.4
14.5,-105.9,-91.57
15.33,-101.9,-103
11.71,-83.04,-69.66
19.84,-119.9,-93.81
9.2,-51.22,-52.87
10.1,-53.04,-82.74
21.39,-119.2,-134.5
17.43,-87.17,-101.4
18.39,-78.33,-36.66
23,-111.9,-55.33
18.05,-83.09,-68.69
12.32,-40.08,-36.04
24.67,-81.87,-26.63
25.23,-73.82,-5.844
13.25,-37,-14.47
26.39,-74.24,-12.6
26.97,-84.98,-20.51
27.56,-87.67,-34.83
23.92,-82.22,-37.3
28.75,-88.87,-37.68
29.36,-96.25,-51.05
29.97,-90.98,-42.3
15.89,-38.75,-31.04
13.81,-21.01,-2.684
14.11,-12.03,3.937
14.42,-9.998,6.213
24.97,-41.14,5.359
16.87,-20.14,2.328
20.66,-31.21,0.4123
16.47,-17.38,0.8815
16.8,-12.61,2.557
22.75,-34.12,1.236
25.18,-38.48,1.269
16.91,-14.08,5.11
32.04,-47.24,19.39
17.55,-7.936,18.47
24,-24.65,4.27
34.69,-47.3,5.079
20.75,-18.12,2.764
18.85,-5.807,11.22
19.18,-2.206,26.88
28.48,-15.06,12.28
43.47,-48.5,10.4
21.21,-0.3243,16.15
94.07,-21.26,19.9
106.3,-29.59,12.66
122,-42.56,8.33
106.1,-20.79,13.3
122.3,-35.58,8.242
109.3,-24,10.25
117.8,-22.26,24.94
81.05,3.252,12.86
78.71,7.291,12.87
71.4,17.07,29.92
100.2,-1.478,13.92
106.5,-12.87,18.74
90.41,-0.2797,21.46
87.87,15.57,44.44
85.23,6.575,17.09
103.1,9.062,11.05
132.6,1.35,15.17
219.5,-28.33,11.31
222,-48.36,11.47
224.4,-50.44,5.178
226.8,-48.36,2.901
229.2,-38.54,1.95
204,-35.29,-0.1881
183.2,-38.31,-7.644
208.2,-60.32,-30.94
174.5,-58.07,-85.35
240.6,-92.9,-128.6
177.8,-70,-124.2
186.7,-77.17,-85.7
151.7,-53.91,-61.22
126.7,-43.08,-40.74
121.9,-34.35,-44.58
123,-32.52,-39.34
149.2,-40.27,-44.41
138.8,-33.25,-28.22
165.2,-49.22,-83.34
132.9,-33.84,-39.49
187,-69.03,-164.9
174.7,-58.24,-85.36
175.8,-58.3,-104.4
267.3,-90.44,-100.2
268.8,-90.03,-80.58
187,-62.42,-77.9
153.5,-44.15,-139.9
221.8,-79.3,-154.8
243.8,-83.55,-125.2
170.3,-41.91,-71.1
276.9,-78.84,-117.6
171.8,-53.12,-95.65
214,-68.43,-126
242.8,-83.44,-105.4
173.9,-50.55,-63.57
166,-47.42,-81.78
208.6,-58.32,-68.2
252.5,-81.46,-87.9
284.3,-79.51,-107.3
285,-67.15,-63.94
225.8,-50.35,-78.16
241.6,-69.15,-123.1
255.2,-84.05,-131.2
220.3,-60.59,-110.9
227.2,-63.4,-93.62
184.5,-46.36,-123
141.1,-29.12,-93.47
163.1,-42.88,-113.2
184.7,-55.57,-174.4
147.9,-52.04,-182.4
243,-77.75,-133.6
220.7,-72.89,-176.3
199.3,-59.21,-142.9
190.6,-54.3,-84.51
140.5,-50.07,-145
198.5,-60.44,-99.16
285.5,-80,-124.6
218.8,-56.14,-68.61
246.6,-65.93,-77.02
224.3,-61.32,-91.46
230.2,-60.91,-96.93
229.5,-56.01,-77.96
243.7,-63.84,-97.57
200.4,-50.86,-74.42
199.6,-52.46,-132.2
240.9,-71.73,-205.3
135.5,-41.15,-194.8
217.7,-60.9,-147.8
149,-48.71,-137.7
209.3,-71.12,-218.5
271.8,-77.58,-198.9
227.7,-82.31,-206.9
268.9,-107.6,-136.5
210.8,-63.61,-107.7
155.9,-36.51,-100.2
264.2,-72.33,-92.35
226.7,-76.44,-97.88
191.6,-50.57,-80.83
159.5,-37.44,-55.09
185.2,-48.07,-70.4
183.8,-59.74,-102.4
161.6,-52.17,-74.37
184.5,-50.86,-62.28
190.3,-54.78,-83.42
181.4,-52.78,-94.26
169.1,-50.92,-89.08
174.7,-57.58,-79.07
166,-58.92,-112.6
128.6,-51.89,-101.2
190.9,-73.24,-150.7
166.4,-60.13,-132.8
169.8,-56.55,-163.2
229.8,-91.47,-121.2
190.1,-66.92,-83.34
225.1,-80.95,-119.3
146.4,-48.89,-100.6
160.8,-61.74,-159.2
138.1,-55.43,-115.1
125.1,-56.54,-138.9
139.8,-52.48,-94.71
112.5,-39.49,-116.4
104.7,-36.37,-105.3
114.4,-46.99,-126.4
132.9,-59.36,-65.85
122,-56.16,-88.1
168.8,-78.09,-86.92
137.8,-58.34,-58.47
91.97,-45.61,-62.59
134,-54.95,-59.82
118.2,-51.54,-51.67
106.6,-44.88,-71.49
105,-48.64,-59.42
95.27,-41.85,-62.21
128.4,-58.03,-68.22
109.7,-54.54,-56.38
90.92,-39.81,-81.95
80.15,-42.73,-122.8
113.3,-60.99,-175.7
130.6,-71.49,-67.99
133.2,-69.7,-63.31
119.3,-71.6,-75.12
85.84,-36.87,-68.21
80.82,-37.44,-98.03
124.3,-70.66,-137.1
125.3,-64.92,-71.89
87.7,-56.45,-66.24
86.11,-55.94,-69.57
121.6,-84.55,-110.8
113.4,-64.14,-47.21
135,-86.57,-69.71
79.8,-39.16,-54.52
93.85,-43.21,-21.72
76.71,-35.31,-20.51
124.9,-77.43,-38.39
100.8,-59.59,-65.67
65.69,-49.07,-71.11
64.32,-44.57,-49.49
65.64,-35.91,-21.86
52.71,-23.68,-37.63
77.15,-49.76,-89.8
73.11,-34.69,-22.86
68.31,-36.01,-16.02
79.71,-50.16,-29.22
57.47,-32.98,-17.16
61.53,-33.83,-15.85
62.34,-36.32,-15.08
53.58,-29.4,-11.44
50.18,-31.14,-25.23
73.7,-61.49,-46.65
40.76,-24.15,-15.64
85.47,-74.25,-52.48
45.47,-40.59,-39.55
44.33,-42.95,-27.63
41.35,-39.66,-25.46
52.26,-56.94,-48.6
34.93,-36.5,-55.26
35.83,-26.16,-40.74
55.02,-61.56,-76.12
41.65,-49.34,-43.4
36.84,-28.49,-22.36
32.11,-36.82,-56.31
33.31,-36.91,-39.74
42.08,-57.97,-32.79
32.92,-49.49,-34.56
27.18,-45.93,-42.92
26.4,-39.94,-27.11
35.85,-65.69,-47.53
26.22,-46.03,-68.92
25.45,-27.58,-19.68
23.42,-22.52,-9.325
22.71,-20.72,-3.888
24.78,-23.87,-1.323
21.34,-14.3,3.216
23.28,-42.09,-33.14
34.34,-78.65,-80.24
19.41,-36.25,-40.38
32.21,-68.37,-79.7
23.66,-66.58,-67.81
21.68,-61.77,-85.09
19.2,-35.29,-25.67
16.49,-42.22,-90.52
28.86,-104.5,-243.7
32.93,-112.1,-76.34
27.55,-88.12,-41.72
23.37,-51.8,-10.64
17.15,-22.76,0.7939
23,-25.86,14.26
22.22,-29.59,11.32
19.03,-54.09,-14.32
21.4,-76.23,-32.13
16.45,-46.48,-26.14
18.84,-35.27,9.626
23.05,-93.16,-22.27
10.55,-30.1,-20.85
17.39,-49.99,1.486
16.38,-41.88,2.763
9.506,11.53,38.77
13.91,-18.78,18.99
10.02,-5.78,33.25
14.25,-44.71,1.756
8.744,-9.39,44.08
9.46,-14.59,8.878
8.739,-20.65,9.299
7.479,-18.02,1.236
10.62,-29.95,6.043
7.397,0.0956,57.69
10.26,-18.82,74.57
9.938,-31.27,6.725
6.367,1.179,19.5
12.65,-49,14.35
7.805,-10.46,52.47
8.539,-23.99,50.32
5.656,-5.807,11.73
5.502,-11.19,13.87
6.054,-12.04,39.01
5.515,-6.864,30.66
7.919,-40.12,2.988
6.731,-37.54,-20.46
5.76,-16.97,27.9
6.442,-38.88,-6.326
6.314,-41.59,-39.37
5.969,-18.28,56.49
7.253,-46.6,-11.2
6.884,-42.1,-4.697
5.912,-21.16,11.42
7.807,-60.83,-11.72
8.587,-76.54,-27.65
8.503,-103.6,-44.51
7.306,-84.42,-46.26
4.942,-39.17,-28.98
6.859,-58.54,-8.49
4.144,-36.12,-16.91
6.423,-44,-0.8268
5.399,-14.42,8.335
6.266,-31.77,3.578
7.546,-65.31,-4.321
5.194,-37.96,-9.111
8.512,-69.9,-4.918
8.598,-87.05,-21.68
6.057,-43.25,-6.533
4.38,7.856,55.33
8.953,-54.37,6.323
6.31,-19.78,13.82
6.421,-29.42,0.8814
6.544,-29.04,4.421
6.679,-13.92,22.84
6.826,-40.63,-3.324
6.985,-34.58,1.132
7.156,-21,13
7.338,-13.6,62.52
7.533,-11.14,74.4
7.741,-30.74,3.307
7.961,-52.97,-46
8.196,-40.01,-6.647
8.443,-22.65,6.114
8.705,-21.93,28.93
8.981,-11.66,53.57
9.271,-26.13,6.57
9.576,-44.49,-15.01
9.897,-37.39,-5.029
10.23,-51.46,-21.63
10.58,-51.72,-52.18
10.95,-59.46,-73.57
11.33,-73.39,-83.87
9.132,-83.53,-70.95
9.45,-81.43,-116.7
9.781,-73.19,-82.54
10.13,-42.08,-13.47
10.48,-55.11,-46.18
10.85,-51.13,-27.41
4.541,-76.82,-32.09
4.04,-56.31,-20.99
3.972,-22.05,9.763
4.493,-41.09,0.2609
3.522,-7.375,10.57
5.222,-26.95,8.894
5.163,-26.84,6.666
4.884,-42.34,-9.153
5.054,-69.72,-127
5.23,-75.24,-111.6
5.41,-68.02,-75.91
5.597,-63.5,-49.5
5.788,-74.19,-52.47
5.985,-81.84,-107.1
6.186,-70.12,-117.4
6.394,-56.07,-45.48
6.607,-48.82,-16.09
6.825,-39.72,-0.268
7.048,-35.91,7.072
7.277,-27.44,27.87
7.512,-37.66,0.6471
7.752,-45.19,-6.673
7.998,-64.28,-103
8.249,-83.1,-206.1
8.506,-73.45,-152.8
8.768,-63.58,-72.77
9.037,-54.15,-35.69
9.31,-47.24,-17.29
9.589,-44.47,-9.027
9.873,-44.2,-5.58
10.16,-41.93,-5.072
10.73,-37.59,4.805
11.04,-32.89,4.023
11.35,-36.2,1.236
11.67,-35.67,2.268
12,-34.83,9.929
12.33,-27.41,21.42
12.66,-28.91,6.918
13,-27.83,7.025
13.35,-29.75,9.361
13.7,-27.19,17.96
14.06,-19.25,15.88
14.42,-19.4,42.16
14.79,-22.75,15.07
15.16,-14.64,15.97
15.54,-14.06,28.13
15.92,-24.08,16.27
16.3,-25.08,4.949
16.69,-25.68,28.95
52.01,-33.96,-0.8989
53.23,-30.13,1.606
54.46,-32.38,0.4989
55.7,-33.7,0.2565
56.96,-28.95,8.351
58.23,-12.06,18.26
59.51,-15.01,8.622
60.8,-16.63,6.706
62.1,-12.6,6.287
63.42,-15.42,5.101
64.74,-14.15,5.581
66.08,-12.36,6.614
67.42,-14.66,6.801
67.93,-13.42,10.44
69.28,-6.759,13.37
70.63,-17.89,7.542
72,-6.752,16.29
73.37,-10.01,15.95
98.09,-39.85,-20.74
99.91,-41.19,-21.84
101.7,-52.1,-26.6
103.6,-49.67,-21.48
105.4,-22.47,9.223
107.3,-14.5,9.37
109.1,-21.8,3.389
111,-25.63,2.958
112.9,-22.24,3.385
114.8,-23.87,4.898
116.6,-25.09,5.728
118.5,-37.68,-21.43
120.4,-45.17,-43.97
122.2,-45.5,-76.59
124.1,-58.17,-125.5
126,-61.55,-69.47
127.8,-47.7,-38.42
129.7,-35.2,-1.664
131.6,-32.87,3.458
133.4,-30.52,3.892
135.2,-34.34,-2.411
137.1,-28.65,-2.775
138.9,-41.03,-29.09
140.7,-46.56,-27.35
142.5,-46.51,-38.3
155,-51.83,-38.44
156.9,-40.37,-14.23
158.7,-55.9,-54.71
160.6,-50.71,-37.42
162.5,-61.93,-71.57
164.3,-62.07,-110.7
166.2,-58.7,-83.56
168,-61.86,-61.12
169.8,-66.34,-97.8
171.6,-68.66,-87.82
173.3,-65.96,-62.9
175,-66.37,-85.82
176.7,-63.66,-56.36
178.4,-63.13,-90.06
180.1,-68.36,-149.3
181.7,-71.54,-116.8
183.3,-69.55,-84.76
184.8,-66.45,-115.5
186.4,-53.37,-92.26
187.9,-53.5,-87.7
189.3,-59.58,-41.85
190.8,-61.03,-78.5
192.2,-61.17,-119.5
193.5,-56.77,-86.12
194.9,-57.7,-67.47
196.1,-65.25,-106.1
197.4,-67.74,-92
198.6,-71.8,-151
199.8,-53.16,-75.89
200.9,-56.48,-43.21
202,-55.18,-33.91
134,-50.34,-142.6
190.7,-48.25,-69.33
276.6,-85.06,-62.76
277.8,-73.47,-41.69
199.1,-47.12,-38.97
227.6,-51.68,-47.76
280.9,-68.26,-59.4
281.8,-79.87,-63.98
201.9,-46.31,-72.2
202.5,-50.13,-92.89
203,-51.79,-98.4
203.5,-68.8,-193.6
204,-86.97,-236.9
204.4,-85.66,-261.4
204.7,-77.82,-139
205,-62.2,-148.4
205.3,-78.86,-117
205.4,-61.84,-100.4
205.6,-55.77,-83.64
205.7,-52.04,-85.92
205.7,-49.38,-56.34
205.7,-66.29,-114.6
205.6,-66.85,-119
205.5,-60.23,-107.2
205.4,-61.23,-86.23
205.1,-66.88,-80.54
204.9,-62.77,-91.41
204.5,-57.71,-115
204.2,-69.99,-202.3
203.8,-71.2,-119.9
205.8,-69.64,-84.09
205.3,-65.46,-87.5
204.7,-70.7,-136.1
204.1,-64.04,-105
203.5,-59.01,-77.28
206.8,-51.14,-99.08
206,-58.6,-81.27
142.7,-41.81,-59.46
150.6,-60.54,-87.34
149.9,-59.81,-122.6
176,-67.56,-133.6
168.9,-62.74,-122
196.5,-70.3,-118.6
195.4,-67.3,-137.2
194.3,-59.26,-163.7
193.2,-61.21,-77.89
192,-62.94,-158
190.7,-62.18,-187
189.5,-68.95,-108.7
188.2,-68.03,-90.76
186.9,-66.02,-97.72
183.5,-61.06,-59.23
149.7,-55.09,-80.16
182.7,-65.68,-59.79
181.2,-58.71,-90.38
179.7,-63.86,-152.3
178.2,-63.49,-187.5
176.6,-65.82,-172.4
167.9,-64.8,-134.4
173.5,-71.36,-88.44
171.9,-60.16,-90.04
169,-61.51,-111.9
167.3,-59.59,-148.4
165.6,-57.3,-82.85
163.9,-58,-139.3
162.2,-49.47,-78.65
160.5,-37.13,-23.69
158.8,-37.26,-22.52
157,-50.8,-57.52
155.2,-43.63,-34.51
153.4,-56.69,-80.58
151.6,-58.43,-69.52
149.8,-53.84,-51.8
148,-62.12,-173.2
146.1,-62.9,-140.9
144.3,-59.19,-172.5
142.4,-56.63,-149.7
140.6,-62.38,-211.1
138.7,-61.33,-118.9
136.8,-62.46,-78.96
134.9,-54.16,-80.77
133,-43.11,-68.33
131.1,-39.56,-52.8
129.2,-44.58,-42.79
127.3,-45.45,-41.18
125.4,-52.79,-118.5
123.5,-63.87,-143.2
121.6,-75.09,-165.3
119.7,-74.53,-145
117.8,-74.86,-98.72
115.9,-79.93,-121
114,-68.83,-67.63
110.6,-67.97,-96.58
108.7,-46.92,-99.39
106.9,-64.68,-158.5
105,-62.3,-144.5
103.2,-51.17,-50.96
101.3,-45.57,-39.9
99.52,-35.28,-13.56
97.7,-39.57,-36.64
95.89,-54.56,-67.2
94.09,-56.01,-74.06
92.29,-53.07,-54.6
90.52,-49.32,-72.81
88.75,-60.7,-82.58
87,-46.41,-82.6
85.26,-60.78,-174.3
83.53,-53.05,-57.36
81.82,-48.66,-51.96
80.12,-68.89,-91.39
78.43,-70.2,-50.45
76.76,-53.86,-40.14
75.1,-43.23,-38
73.46,-43.57,-36.04
71.84,-38.55,-14.65
70.23,-26.69,28.2
68.64,-36.75,-2.926
67.07,-51.95,-26.4
65.51,-61.65,-101.7
63.97,-66.05,-140
62.45,-59.42,-108.2
60.96,-32.48,3.299
56.32,-28.78,4.895
54.94,-42.72,-15.82
53.58,-45.9,-10.36
52.24,-47.19,-18.75
50.91,-51.84,-32.82
49.6,-52.23,-35.01
48.31,-37.65,-27.13
47.04,-51.16,-51.56
45.8,-59.36,-50.16
44.57,-60.22,-52.3
43.36,-47.68,-40.03
42.18,-56.49,-79.93
41.02,-45.99,-29.66
39.88,-21.78,25.66
38.76,-23.36,9.433
37.66,-23.66,26.44
36.58,-40.1,-24.04
35.52,-59.66,-75.2
34.49,-60.73,-75.28
33.46,-53.64,-26.05
32.47,-40.06,-7.965
31.48,-35.75,-9.071
30.52,-37.44,-10.77
29.58,-46.81,-19.65
28.66,-56.52,-17.81
27.77,-60.49,-37.85
26.9,-30.06,14.59
26.05,-23.55,67.11
25.22,-24.67,23.2
36.78,-75.77,-34.76
23.62,-46.56,-39.37
21.89,-26.22,-0.03844
21.17,-55.13,-48.94
20.47,-27.51,-0.9986
19.79,-52.45,-41.37
15.83,-20.55,1.072
28.85,-83.05,-45.67
20.47,-53.1,-18.54
14.94,-25.26,-5.966
19.83,-59.73,-80.3
16.11,-48.43,-59.57
15.56,-54.62,-34.76
23.25,-90.18,-53.24
12.57,-40.62,-56.27
10.28,-31.72,-41.25
13.94,-57.7,-22.03
15.95,-69.23,-15.37
12.63,-38.2,-1.442
12.2,-18.28,4.328
8.639,-8.712,4.951
8.348,-25.99,-9.747
8.066,-21.08,-1.268
7.799,-0.857,14.89
12.53,-52.54,-7.419
9.945,-38.43,-12.36
9.623,-38.72,-9.025
14.08,-71.58,-47.25
12.07,-70.6,-18.96
6.775,-6.162,8.665
8.102,-6.358,19.37
6.035,-15.41,3.41
5.861,0.3753,40.33
6.435,-10.61,10.02
7.215,-26.94,3.666
9.602,-69.07,-13.32
5.253,9.437,49.87
6.33,-2.109,62.29
5.925,-16.04,6.272
7.168,-43.42,-5.363
5.057,-29.59,-14.23
4.956,-23.98,-4.515
8.178,-70.93,-32.73
9.122,-89.18,-35.8
6.019,-58.37,-34.62
5.932,-69.84,-52.38
3.287,-50.67,-36.6
3.25,-39.59,-19.38
5.12,-71,-37.55
5.708,-86.44,-39.76
3.173,-41.62,-17.68
1.038,-40,-18.23
1.034,-40,-18.19
1.033,-33.72,-9.931
1.034,-34.15,-10.31
1.036,-2.82,18.15
3.605,-19.08,3.336
4.881,-18.6,27.67
3.209,10.97,123.5
3.433,5.336,26.67
3.727,1.901,61.98
5.27,-38.24,1.258
6.862,-68.27,-17.8
4.757,-42.96,-24.43
4.357,-29.15,-2.002
3.748,-30.31,-34
1.418,-35.23,-43.98
1.211,-25.97,-24.54
1.65,-42.48,-11.79
1.343,-18.28,4.245
1.3,-16.81,0.675
1.413,-9.805,26.35
1.905,-19.17,38.65
2.866,-42.51,24.46
1.449,-15.4,4.164
1.869,-27.13,2.166
1.537,-1.988,47.56
4.826,4.655,94.77
5.274,3.305,61.79
12.91,-53.13,13.49
5.311,-5.862,10.15
10.82,-40.2,23.83
11,-29.03,5.368
13.61,-60.77,-13.8
16.66,-89.72,-29.81
8.305,-20.65,-3.145
14.65,-38.57,8.4
14.43,-33.4,14.72
12.96,-28.17,4.368
20.02,-67.1,-8.966
18.17,-51.7,4.227
13.89,-11.96,14.48
14.39,-35.68,-2.304
11.01,-14.01,19.08
11.4,-14.75,12.13
18.45,-56.41,-36.16
12.92,-19.28,3.744
14.3,-25.15,-6.386
13.86,-14.68,12.64
13.6,-15.27,6.186
19.76,-29.31,2.861
14.58,-1.708,13.16
21.17,-20.54,15.12
17.6,-23.67,0.472
27.68,-58.87,-6.706
16.72,-16.23,4.363
25.39,-52.11,-13.48
38.3,-97.45,-27.96
39.62,-86.84,-23.5
28.94,-54.95,-22.72
26.65,-10.84,17.87
26.48,-11.31,7.31
28.42,-23.89,3.433
21.74,-11.2,3.649
23.66,-6.292,54.1
33.95,-23.69,16.28
33.43,-22.17,14.92
31.95,-12.21,37.31
42.34,-42.08,1.459
32.15,-16.32,35.1
39.46,-28.39,5.725
38.82,-32.89,-4.723
35.11,-24.95,-1.236
29.46,-18.52,-4.081
51.84,-58.46,-13.33
47.03,-51.03,-19.97
69.11,-89.73,-62.35
42.67,-39.06,-41.92
73.06,-64.39,-5.049
42.71,-32.92,-11.77
40.25,-10.46,44.19
41.34,-8.427,49.89
37.79,-9.987,7.951
40.85,-9.091,21.92
46.69,-19.98,10.4
47.89,-21.67,1.121
49.11,-26.38,-0.5338
50.34,-40.7,-16.35
77.62,-66.3,-24.5
69.77,-60.74,-77.3
99.14,-82.07,-44.45
85.47,-73.39,-55.34
67.17,-58,-79.88
49.6,-36.61,-110.6
108.6,-112.3,-149.2
85.8,-83.32,-59.31
55.87,-37.63,-44.39
60.77,-35.36,-32.55
88.98,-58.41,-22.96
121,-87.32,-26.06
60.9,-16.76,4.136
59.14,-8.608,7.145
60.39,-0.5484,46.45
61.64,-2.12,10.41
70.33,-14.8,5.231
64.17,-8.092,4.82
100.5,-29.27,6.984
77.86,-21.45,7.39
98.08,-39.36,-4.16
72.84,-25.87,-10.82
74.2,-27.39,-15.43
103.6,-54.75,-28.01
73.24,-34.23,-24.93
90.5,-36.37,-19.18
100.7,-34.29,-6.45
81.11,-33.13,-32.71
95.27,-32.69,-14.47
118.5,-46.11,-13.02
103.7,-42.8,-20.57
144,-65.96,-32.33
141.1,-62.29,-43.02
179.2,-85.93,-51.66
181.9,-80.83,-26.16
184.6,-71.31,-20.4
187.2,-70.98,-16.61
189.9,-70.15,-17.16
149.9,-55.96,-32.21
162.1,-67.84,-41.71
114.4,-39.66,-28.41
116,-32.43,-26.21
97.22,-20.22,-10.02
119.1,-9.751,1.591
136.5,-22.1,-13.9
117.4,-15.77,-25.48
102.4,-21.52,-18.12
115.5,-32.33,-28.84
165.7,-57.04,-29.41
161.1,-53.22,-36.38
146.7,-39.48,-22.59
148.3,-44.06,-41.31
195.6,-67.63,-38.89
230.4,-82.17,-51.6
232.7,-86.38,-55.94
207.2,-69.82,-50.53
150.9,-39.5,-43.52
170.1,-77.17,-206.4
195.1,-84.44,-136.3
168,-63.51,-88.43
169.5,-63.81,-74.22
144.9,-57.35,-78.57
140.6,-72.04,-240.3
147.4,-69.31,-143.9
180.8,-77.62,-108.6
226.6,-89.02,-78.44
189.4,-67.46,-75.89
204.3,-71.43,-77.81
225.7,-80.28,-57.27
162.2,-56.41,-102.2
202.6,-65.06,-69.62
210,-66.64,-68.15
268.1,-86.57,-90.85
206.4,-56.76,-51.9
199.5,-52.61,-44.85
242,-65.25,-36.42
243.2,-70.77,-82.49
275.1,-95.36,-103.9
276.3,-84.67,-66.54
277.5,-78.9,-150.8
241.4,-71.74,-91.8
279.7,-93.22,-103.2
280.6,-90.02,-113.1
281.6,-78.55,-119.6
208.3,-57.56,-184.7
208.9,-68.12,-213.3
203.3,-60.46,-249.3
218.5,-81.8,-213.1
197.9,-73.12,-168.3
176.9,-66.18,-119.4
183.7,-68.24,-188.8
162.5,-63.25,-124.8
184.2,-64.5,-93.69
227.3,-71.48,-126.1
163,-46.36,-147.8
141.1,-37.16,-127.2
206.1,-58.26,-161.9
227.6,-68.79,-152.7
156.6,-50.42,-110
184.5,-45.77,-106.7
227.3,-75.52,-159.1
220.4,-75.83,-106.3
205.3,-58.92,-96.81
183.7,-57.91,-93.42
210.9,-63.35,-83.97
183,-46.63,-93.01
225.1,-61.62,-100.2
203.2,-58.59,-116.8
283.2,-79.3,-77.27
282.4,-69.5,-70.64
244.1,-57.83,-58.74
173.5,-41.32,-85.16
136.9,-59.62,-201.2
157.6,-62.58,-195.6
204.5,-72.93,-130.2
245.6,-79.24,-99.35
231.9,-69.48,-96.08
195.6,-58.4,-123.6
200.6,-60.81,-93.22
173.5,-55.25,-148.2
172.5,-44.59,-96.36
197.3,-57.1,-145.5
216.2,-75.51,-196.3
235,-87.53,-135.3
193.6,-69.42,-162.1
161.2,-51.32,-93.4
132.6,-42.9,-66.1
197.2,-64.28,-61.43
221,-71.33,-83.91
225.1,-68.21,-63.61
204.2,-53,-28.55
221.5,-58.23,-38.37
248.3,-68.81,-64.82
246.3,-88.18,-162.3
244.2,-76.71,-81.5
208.3,-64.29,-94.07
147.2,-51.93,-126
237.7,-81.61,-141.6
235.4,-83.69,-91.97
130.6,-55.07,-83.98
146.7,-62.19,-126.3
133.1,-63.35,-204.8
131.7,-58.38,-206.7
130.2,-55.22,-149
106.7,-43.02,-63.13
122.3,-48,-83.72
137.3,-64.89,-84.5
108,-51.63,-112
138.9,-52.5,-133.3
137.2,-51.17,-77.5
119.8,-47.31,-125.1
118.2,-44.22,-90.04
157.2,-71.08,-75.46
169.9,-79.29,-80.9
109.1,-46.37,-93.13
117.9,-48.74,-101.6
120.7,-51.12,-68.54
100.3,-37.54,-55.55
140.6,-56.79,-53.19
133.2,-61.65,-68.95
153.8,-80.93,-77.38
178.1,-90.35,-71.19
136.3,-69.63,-99.74
112.7,-45.13,-71.54
97.93,-49.83,-77.84
117.9,-60.25,-104.7
131.6,-76.04,-100.4
134.2,-70.01,-58.72
84.38,-39.09,-59.06
98.58,-46.05,-69.42
88.58,-35.55,-45.02
106.6,-58.78,-122.3
96.96,-54.44,-120.2
116.7,-66.71,-72.52
75.83,-48.57,-106.2
69.99,-41.33,-72.71
65.34,-32.99,-54.44
82.12,-47.21,-77.8
76.44,-55.63,-94.24
64.77,-34.38,-63.63
77.45,-52.05,-81.92
94.76,-75.49,-72.62
60.96,-52.97,-58.17
69.15,-53.18,-62.13
58.48,-50.24,-81.94
72.6,-60.25,-59.59
68.43,-49.5,-51.57
63.52,-35.06,-25.18
62.15,-43.22,-49.21
82.4,-61.33,-23.12
85.78,-66.15,-19.92
102.1,-75.41,-28.71
99.76,-74.58,-20.63
84.08,-73.96,-29.75
54.2,-25.85,-3.275
55.83,-30.89,-30.28
65.44,-60.97,-78.36
74.59,-80.52,-55.21
45.16,-41.98,-40.23
44.05,-42.96,-36.74
44.88,-44.36,-44.65
37.28,-32.95,-22.56
40.8,-38.45,-66.53
60.39,-73.23,-109.7
62.38,-70.6,-38.06
45.05,-55.38,-34.5
57.71,-51.54,-3.662
56.16,-47.44,-0.1715
32.54,-13.54,5.908
46.7,-31.72,8.856
48.59,-52.15,-29.6
38.19,-30.06,-9.185
59.38,-69.36,-35
36.06,-54.57,-30.95
39.28,-58.96,-22.71
54.35,-95.1,-43.88
34.28,-50.41,-39.99
51.15,-71.66,-33.12
23.05,-4.25,68.31
34.87,-40.59,-18.31
46.58,-84.13,-76.61
29.41,-36.53,-24.33
31.76,-31.72,26.31
20.79,-12.47,4.71
25.78,-28.95,-3.62
32.73,-70.64,-52.02
38.34,-97.64,-37.53
18.27,-53.41,-79.9
19.76,-45.88,-46.57
29.34,-84.18,-85.7
33.49,-99.71,-37.11
32.35,-91.65,-34.13
19.82,-48.03,-12.11
17.44,-45.77,-21.28
24.17,-74.15,-35.62
20.65,-56.47,-26.94
13.48,-27.22,-11.62
12.33,-4.993,6.306
17.49,-23.33,26.65
14.98,-17.73,34.15
14.47,-34.19,-2.898
13.23,-38.15,-17.69
18.25,-76.69,-28.28
11.83,-10.9,10.35
20.28,-46.41,17.17
15.92,-55.61,-20.08
15.38,-65.06,-24
14.12,-41.73,1.694
15.42,-59.94,-6.276
10.59,-35.61,-16.42
16.32,-92.41,-75.95
12.95,-65.15,-39.24
15.21,-81.87,-37.47
9.995,-42.29,-38.68
10.73,-43.68,-2.435
9.03,-11.02,14.74
8.419,7.559,135.2
10.96,-46.61,3.829
6.079,-15.48,4.178
6.669,-27.99,-1.644
5.735,-25.71,-8.537
5.576,-24.5,-9.313
7.344,-40.68,-4.679
5.974,-31.51,-6.103
5.155,-19.17,0.4059
7.378,-44.34,-5.904
8.746,-76.69,-16.44
6.267,-20.18,7.325
7.795,-72.84,-22.9
3.995,-50,-63.3
3.925,-37.83,-31.68
4.059,-41.59,-24.12
1.378,-38.01,-23.68
1.084,-19.22,-0.2059
1.071,-15.35,2.079
1.124,-12.44,13.8
1.051,-5.862,11.45
3.178,10.04,113.7
8.032,-60.92,5.494
5.196,-26.64,15.92
3.146,-4.081,7.665
7.994,-53.12,8.26
4.582,-40.26,-3.445
8.037,-71.32,-10.15
6.312,-75.5,-14.75
3.395,-41.47,-21.68
8.207,-90.66,-31.02
3.908,-38.37,-13.97
3.763,-38.04,-10.3
3.551,-48.75,-30.79
3.402,-51.33,-34.5
8.77,-98.47,-32.36
8.925,-99.67,-45.64
6.411,-67.63,-28.51
9.285,-109.5,-61.16
9.487,-111.9,-86.29
7.821,-70.02,-27.5
9.94,-98.82,-38.33
5.056,-27.6,-0.8777
7.953,-44.01,5.186
10.74,-63.92,6.827
4.379,2.65,112.9
4.776,8.137,105.6
11.69,-46.77,19.74
12.05,-78.14,-6.759
9.085,-78.41,-54.68
6.389,-57.35,-62.25
6.294,-40.08,-51.93
5.446,-27.24,-24.88
1.85,-18.48,2.006
2.174,-17.29,23.75
7.536,-15.86,30.72
6.234,-17.37,3.421
6.453,-19.27,-1.066
6.682,-17.42,4.111
6.918,-17.18,0.593
8.545,-27.06,0.09952
11.28,-48.05,-6.804
7.688,-22.92,-4.537
7.962,-30.61,-9.316
8.249,-33.22,-12.38
8.544,-38.77,-33.17
11.72,-57.72,-59.61
9.167,-48.06,-66.75
9.493,-50.43,-109.4
9.831,-41.62,-40.84
3.345,-28.52,-9.027
3.463,-32.02,-26.22
3.584,-38.69,-53.65
4.9,-56.87,-45.1
9.358,-109.1,-60.53
3.971,-55.48,-81.08
8.205,-98.61,-70.98
10.31,-115.3,-85.43
10.64,-109.4,-78.63
10.98,-109.8,-47.94
5.83,-65.42,-41.52
4.847,-40.88,-40.12
7.159,-66.07,-52.28
5.17,-37.53,-19.84
5.337,-38.81,-32.24
5.509,-39.33,-27.26
5.684,-26.31,-17.65
5.863,-21.28,-1.221
10.52,-56.93,-4.451
8.184,-37.08,-5.973
6.784,-26.89,-5.365
11.49,-52.11,-2.633
16.15,-80.22,-17.73
10.88,-70.82,-30.83
7.229,-25.91,-15.39
7.853,-22.87,-0.7985
7.654,-11.93,13.35
8.309,-10.31,14.33
8.095,-13.5,7.243
8.322,-13.71,4.442
8.552,-20.92,-1.381
8.786,-16.76,8.156
9.519,-13.81,4.684
10.93,-28.34,-3.019
15.83,-49.02,-0.6423
10.99,-33.06,-19.17
10.56,-22.05,-0.3305
10.27,-14.83,1.577
16.17,-35.13,3.495
12.15,-13.27,8.369
19.53,-40.28,5.003
18.77,-36.29,2.869
26.55,-69.31,0.01068
19.65,-43.06,2.33
17.97,-37.02,0.4028
19.03,-37.05,1.537
23.93,-45.79,8.014
29.53,-80.45,-46.55
17.98,-46.98,-34.24
17.64,-40.85,-24.44
13.9,-23.46,-13.8
16.68,-26.28,-0.7323
27.14,-59,-1.157
17.38,-15.3,38.95
19.57,-8.001,16.65
34.53,-51.51,5.092
23.1,-20.42,12.41
16.05,-8.156,5.103
16.36,-11.98,2.754
25.31,-12.65,21.55
90.06,-25.77,18
64.45,-6.51,7.196
69.32,-4.44,17.87
66.82,-1.649,21.71
81.41,-4.531,17.11
124.8,-39.26,10.58
67.49,5.11,15.04
58.65,13.79,15.44
59.66,16.31,21.95
74,17.98,18.51
72.11,14.86,11.35
105.1,-9.189,14.87
129.6,-27.52,5.077
136.9,-35.08,7.553
152.5,-39.02,7.267
158.9,-47.74,3.304
143.1,-36.22,1.794
191.9,-57.28,-1.241
170.2,-50.58,2.875
197.2,-59.85,0.8485
130.8,-24.87,1.878
117.2,-14.44,3.47
118.7,-19.11,2.721
126.6,-20.73,0.6008
210.2,-65.44,-8.541
212.7,-78.04,-22.56
179.4,-63.76,-54.95
149.4,-50.24,-41.79
188.7,-73.17,-87.73
169.1,-54.58,-63.34
159.5,-57.1,-72.35
149.6,-49.47,-100.6
146,-48.12,-103.9
181.9,-63.43,-102.1
161.3,-53.78,-61.29
190.9,-75.51,-122.5
205.5,-73.02,-47.15
158.9,-46.49,-52.35
160.4,-56.81,-84.11
245.5,-98.85,-100.7
207.6,-73.18,-89.86
190.5,-62.52,-89.74
128.1,-35.98,-51.04
161.8,-43.52,-57.35
157.2,-44.49,-52.18
216.3,-73.31,-90.02
126.2,-44.2,-69.02
261.1,-72.71,-57.11
200.9,-57.71,-60
228.5,-71.22,-74.32
136,-34.57,-83.48
171.2,-53.63,-170.8
269.2,-91.03,-172.1
234.1,-77.86,-71.47
272.1,-81.11,-34.64
273.5,-84.35,-61.87
237.9,-66.21,-58.84
197.3,-72.73,-218.2
233.7,-96.55,-261.9
199,-82.69,-261.9
172.7,-59.27,-129.5
215.1,-77.06,-134.1
207.5,-67.66,-98.08
187.4,-62.69,-105.9
208.8,-68.03,-75.8
154.4,-47.31,-97.86
167.5,-46.61,-67.92
139.8,-36.07,-89.63
226,-59.19,-69.94
241.7,-74.49,-139.7
220.1,-75.89,-170.1
190.7,-65.51,-115.3
233.9,-76.37,-120.4
178,-52.04,-94.45
220.9,-71.91,-131.6
184.7,-56.64,-75.75
234.3,-69.51,-89.32
249.7,-79.44,-124.1
256.2,-73.31,-87.3
287.3,-74.55,-46.78
287,-71.95,-73.61
286.7,-79.06,-157.7
286.3,-83.8,-72.33
198.4,-34.7,-45.4
204.3,-42.72,-70.29
182.7,-39.68,-100.9
231.3,-59.52,-93.04
217.5,-53.23,-77.65
251.6,-70.33,-159.9
201.6,-53.31,-92.63
144.1,-62.44,-204.5
152.1,-66.66,-177.4
172.4,-71.52,-118
198.6,-71.1,-158.7
141.8,-56.21,-159.5
141.1,-56.57,-123.2
175.5,-66.66,-172.2
180.8,-61.69,-125.2
153.3,-49.15,-89.02
233.5,-76.94,-150.5
185.7,-55.21,-86.98
210.4,-62.25,-115
175.6,-50.76,-69.64
174.5,-52.83,-129.9
147.7,-45.71,-78.27
166.2,-52.53,-132.8
159.1,-53.14,-138.5
177.2,-66.98,-107.4
129.8,-43.85,-68.31
193,-63.92,-115.7
141.1,-51.04,-83.81
182.5,-63.92,-87.17
144.2,-52.62,-148.2
210.7,-73.42,-122.7
167.1,-59.93,-136.4
122.1,-42.12,-164.2
164,-57.55,-130.3
185,-73.31,-107.4
148.6,-50.38,-77.09
111.8,-36.7,-69.35
123.1,-38.84,-42.33
172.5,-60.72,-59.41
175.7,-59.39,-66.23
195.4,-65.37,-38.02
150.8,-50.31,-55.19
109.6,-36.46,-47.49
114.9,-44.88,-77.08
150.2,-61.5,-86.29
174.7,-80.73,-127.6
131.1,-66.17,-123.2
179.5,-93.1,-138.8
101.6,-46.52,-130.2
160.1,-63.82,-155
143.4,-61.49,-88.47
165.8,-80.08,-110.2
110.8,-46.6,-85.67
143.1,-45.5,-61.82
107.7,-32.65,-63.14
156.6,-74.57,-120.4
131.7,-63.04,-105
98.94,-36.31,-44.59
110.9,-42.19,-39.83
109.2,-40.1,-46.89
85.17,-30.3,-56
89.06,-36.35,-72.36
128.5,-67.63,-199
126.4,-67.43,-146.5
79.7,-31.97,-90.04
83.28,-17.91,-23.07
120.2,-59.63,-99.64
83.93,-38.9,-63.48
70.71,-31.56,-49.8
92.27,-45.18,-55.96
122.4,-71.89,-53.35
78.05,-35.43,-67.56
76.59,-30.39,-58.72
112.8,-51.76,-61.14
134.3,-85.52,-50.48
89.41,-57.19,-53.15
109.2,-75.27,-72.15
95.21,-58.34,-83.07
84.24,-53.93,-68.47
121.7,-89.5,-60.55
86.09,-59.45,-75.18
87.73,-71.16,-56.91
82.55,-52.73,-38.82
84.08,-50.55,-25.87
74.27,-48.46,-28.99
82.84,-63.38,-73.12
73.36,-37.86,-33.34
79.21,-58.4,-80.35
84.48,-70.75,-76.08
68.52,-39.64,-22.67
78.66,-48.97,-11.17
60.49,-34.14,-31.13
70.46,-65.66,-89.64
89.17,-107.7,-118.3
73.21,-91.92,-76.37
59.32,-69.99,-83.35
82.78,-104.8,-59.06
48.42,-50.05,-78.82
54.99,-61,-54
76.63,-87.6,-57.17
36.52,-37.87,-74.87
72.67,-74.35,-54.16
53.08,-69.53,-54.47
53.15,-72.86,-52.15
50.27,-70.82,-42.56
33.99,-36.93,-36.8
44.33,-61.98,-62.82
61.54,-106.2,-85.61
59.79,-106.9,-55.85
58.08,-98.02,-30.27
39.56,-46.08,-34.27
54.74,-79.55,-32.29
40,-62.06,-12.98
33.51,-54.69,-18.88
23.22,-27.13,-11.82
33.03,-37.86,0.2352
23.02,-19.52,-4.146
22.31,-20.57,-7.034
20.5,-27.22,-22.9
19.86,-14.15,6.25
26.96,-34.4,1.249
39.94,-78.99,-9.089
30.09,-70.61,-28.5
37.38,-92.85,-27.63
22.83,-53.64,-18.2
17.24,-32.83,-10.53
16.68,-23.03,-8.262
15.28,-21.75,-9.63
14.77,-13.48,12.37
14.27,-27.01,-50.71
15.55,-36.48,-47.64
15.73,-39.37,-24.07
14.52,-8.859,9.943
14.03,-11.07,6.325
12.69,-15.38,3.202
13.1,-32.45,-26.32
12.65,-36.77,-32.45
11.43,-32.58,-21.96
11.04,-32.57,-34.45
10.1,-10.53,6.661
9.751,6.722,22.19
13.83,-30.34,3.884
9.606,1.851,23.42
9.279,-6.65,10.11
11.49,-23.98,7.179
8.202,11.59,78.2
14.51,-45.98,7.854
8.097,-2.523,19.02
7.413,-0.04882,50.05
14.82,-69.77,-3.775
9.75,-21.03,45.03
12.02,-41.48,52.25
10.14,-36.33,9.713
7.134,-28.74,-4.156
6.124,-29.37,-16.1
5.945,-31.36,-26.22
11.79,-106.7,-32.47
8.734,-80.24,-67.03
7.116,-53.81,-55.06
5.321,-15.92,5.154
5.187,-18.74,0.2988
5.062,-15.77,5.155
4.946,-17.4,1.352
5.466,-13.58,4.908
5.854,-27.07,1.107
4.646,-16.4,1.016
5.156,-24.95,-0.8755
5.545,-30.5,-4.841
8.901,-83.55,-19.6
4.604,-29.56,-11.84
6.302,-51.97,-22.55
5.266,-49.85,-86.98
8.487,-112,-180.5
6.131,-103.4,-120.8
1.184,-57.92,-76.14
1.506,-73.98,-93.11
1.298,-70.17,-52.03
1.096,-50.91,-57.44
1.035,-41.47,-52
1.039,-17.52,2.845
1.044,-22.96,-16.05
1.527,-60.72,-70.53
1.06,-52.52,-54.62
2.123,-97.03,-53.72
2.748,-126.3,-81.6
2.784,-142.2,-117.7
1.706,-95.02,-81.97
1.577,-73.63,-147.5
1.989,-96.37,-145.9
1.244,-76.52,-80.36
2.14,-97.2,-61.02
2.186,-108.5,-160
3.172,-130.3,-224.4
1.864,-96.05,-244.4
3.328,-140.7,-175.1
3.414,-138.8,-185.9
3.506,-126.6,-143.1
3.604,-114.2,-101.9
3.707,-111.6,-73.7
1.605,-55.29,-79.52
1.562,-54.01,-78.07
1.833,-51.22,-50.95
1.664,-34.27,-28.26
1.718,-30.68,-31.35
1.775,-32.14,-23.65
2.439,-47.55,-29.87
1.898,-36.52,-52.51
1.963,-33.12,-34.44
2.032,-36.56,-32.8
2.389,-44.66,-38.89
2.177,-46.66,-30.47
4.299,-93.23,-42.44
3.371,-81.02,-61.83
2.883,-35.75,-18.62
4.768,-73.14,-23.01
2.746,-56.32,-78.05
2.844,-72.52,-81.22
2.784,-67.18,-117.3
7.112,-128.4,-145.7
2.987,-62.41,-165.4
3.508,-42.61,-77.62
3.813,-42.38,-18.64
3.761,-38.95,-22.78
4.086,-38.97,-17.27
8.695,-105.4,-35.47
3.679,-60.52,-44.39
5.028,-66.76,-57.29
7.876,-97.19,-64.32
5.07,-53.39,-36.03
10.23,-96.34,-66.76
10.56,-107.2,-53.92
5.599,-44.65,-17.72
5.268,-38.73,-12.54
5.083,-45.04,-37.73
6.17,-45.13,-31.09
5.131,-44.81,-104.6
5.297,-57.56,-180.8
5.467,-64.88,-247
8.78,-101.1,-203
8.303,-88.56,-98.99
6.339,-61.05,-81.43
7.668,-67.88,-49.16
6.378,-43.87,-67.03
6.572,-34.27,-41.32
6.77,-27.33,-24.09
7.361,-34.29,-31.97
9.407,-49.43,-59.11
17.42,-93.05,-38.23
17.89,-93.12,-50.01
18.37,-95.09,-59.57
14.92,-97.91,-65.75
12.32,-84.43,-62.21
16.19,-87.28,-33.27
10.78,-49.14,-26.88
13.82,-55.13,-18.98
14.19,-42.94,-2.336
12.34,-31.12,1.042
13.71,-35.25,-2.345
16.55,-53.06,-7.624
17.51,-60.59,-18.71
24.13,-76.84,-23.88
17.03,-48.46,-10.05
14.31,-26.14,1.167
13.27,-13.92,10.64
13.58,-11.77,27.37
15.36,-9.459,17.67
19.14,-42.67,1.338
15.2,-26.35,1.67
17.12,-24.26,3.736
12.95,-18.25,0.3304
16.25,-16.79,4.978
13.53,-11.27,3.694
16.25,-14.76,5.014
14.13,-12.93,2.399
17.69,-18.09,3.974
19.86,-25.88,2.37
15.04,-5.862,7.413
17.22,-9.005,8.608
16.48,-7.526,18.32
19.55,-13.21,5.365
21.06,-8.762,11.05
18.62,-8.892,5.593
54.2,-3.011,9.17
61.5,2.95,15.54
53.46,2.157,6.934
88.93,-23.82,7.194
122.4,-48.84,12.61
124.4,-50.66,6.99
126.4,-54.1,9.503
128.4,-39.52,16.29
130.4,-41.76,9.119
77.82,0.6571,19.1
92.66,-15.22,10.92
91.01,-2.313,34.56
95.6,-23.57,6.549
122,-52.45,0.9293
90.86,-29.7,0.8856
92.22,-28.44,3.352
146.3,-56.9,3.845
106.3,-32.23,3.351
150.2,-45.3,7.37
104.7,-6.175,11.98
115.2,-15.95,3.702
157.4,-29.99,8.18
102.8,-23.95,-12.93
110.5,-11.12,13.33
116.7,-16.35,5.58
134.3,-36.76,-20.58
214.6,-82.25,-45.46
169.7,-61.67,-29.02
117.6,-45.81,-106.5
195.3,-78.62,-49.79
224.5,-76.21,-37.28
199.7,-72.04,-69.42
179.5,-59.6,-48.1
169.3,-56.88,-59.66
160.9,-56.85,-67.98
236.2,-95.19,-89.6
146.2,-49.73,-65.88
116.5,-31.43,-47.68
154.6,-29.1,-7.984
124.5,-11.38,3.804
119.8,-20.28,-8.141
134.4,-32.31,-18.19
203.1,-48.45,-28.05
180.2,-20.87,0.2481
156.9,-17.67,3.005
177.4,-31.76,-15.05
151.6,-33.7,-28.63
191.5,-59.66,-75.58
187,-76.61,-145.8
174.7,-71.79,-186.4
215.5,-83.74,-102.3
231.1,-93.52,-160
191.9,-71.28,-124.5
213.2,-72.36,-88
159.6,-45.97,-54.15
273.2,-77.17,-48.47
216.6,-59.83,-55.36
182.8,-49.69,-100.7
276.9,-85.78,-118.7
278.1,-88.27,-127.9
205.8,-65.14,-93.27
236.4,-72.97,-99.74
180.2,-47.8,-69.37
153.4,-43.67,-86.93
175,-50.74,-44.29
203,-57.39,-86.08
139.4,-49.96,-90.95
146.4,-52.91,-137.1
168.2,-57.17,-84.85
168.5,-63.74,-133.3
255.2,-96.06,-189.4
205.4,-66.16,-133.5
184.3,-58.02,-123.1
205.8,-70.79,-189
178.1,-60.71,-233
234.3,-83.63,-162.3
249.7,-82.38,-100.2
184.7,-53.12,-121.6
227.5,-69.95,-73.68
147.7,-42.71,-94.1
199.3,-49.5,-76.17
286.8,-83.16,-114.2
177.4,-49.55,-107.6
211.1,-59.29,-97.68
210.7,-51.27,-74.85
189.2,-50.23,-86.34
284.3,-90.57,-99.88
245.9,-72.54,-88.48
160.2,-30.11,-52.69
201.8,-55.93,-135.2
173.8,-46.6,-175.4
280.1,-86.15,-127.3
185.2,-59.04,-170
136.1,-37.28,-130.3
246.2,-74.6,-151.7
211.3,-55.17,-106.6
175.7,-38.38,-54.75
230.1,-70.91,-144.2
147.4,-39.47,-100.8
213.2,-69,-148.6
186,-49.19,-103.4
190.7,-50.91,-132.1
163.8,-49.4,-80.39
234.2,-79.89,-191.7
147.9,-45.51,-144.7
141,-35.74,-83.77
159.4,-35.77,-52.74
169.9,-48.14,-167.1
176.1,-76.07,-234.1
205,-77.62,-115.8
147,-61.33,-153.8
126.9,-47.74,-87.64
175.8,-54.72,-90.75
187,-59.09,-64.16
123.5,-42.02,-91.47
140.6,-38.62,-53.77
146.5,-47.62,-122.1
162.8,-54.9,-140
188.9,-67.97,-98.79
159.6,-59.8,-96.93
174.7,-71.34,-103.7
122,-38.85,-64.91
125.8,-42.13,-85.6
174.2,-66.17,-56.41
144.7,-45.43,-54.62
138.1,-40.87,-56.6
147.7,-53.21,-133.5
113.9,-45.35,-94.19
117.2,-44.62,-49.97
111,-31.2,-51.04
149.6,-52.47,-50.88
143.3,-48.22,-78.72
106.8,-35.56,-103.5
105.3,-45.75,-129.1
127.6,-43.22,-74.62
102.5,-43.91,-94.66
101,-39.9,-99.67
118.1,-39.63,-83.78
120.6,-50.83,-123.1
141.5,-70.35,-87.5
89.61,-44.24,-165.8
133.4,-65.24,-93.34
105.6,-56.82,-69.01
107.9,-60.86,-63.56
110,-63.54,-63.43
120.5,-77.57,-106.4
142.3,-88.59,-102.5
116.6,-64.61,-61.51
114.6,-64.62,-70.97
128.6,-85.13,-125.1
104.1,-74.82,-92.8
150.4,-97.5,-84.8
125.2,-82.53,-52.56
101.9,-54.96,-35.29
123.7,-72.87,-69.14
80.14,-39.47,-62.19
106.4,-57.42,-60.48
91.58,-53.03,-68.5
62.21,-23.13,-25.5
90.94,-40.06,-24.15
95.66,-58.44,-53.88
78.02,-37.38,-60.04
94.57,-74.95,-116.2
83.9,-59,-78.25
88.17,-62.86,-47.92
80.46,-58.06,-48.7
94.95,-76.48,-45.38
54.21,-42.89,-63.36
107.8,-83.65,-75.32
55.18,-35.11,-46.69
48.14,-14.85,-1.37
47.04,-29.69,-42.86
48.38,-48.93,-170
57.82,-51.57,-109.1
94.08,-89.36,-107.8
91.87,-99.56,-100.5
89.69,-98.8,-45.52
87.53,-96.76,-37.72
46.57,-44.35,-38.59
45.42,-34.05,-44.61
37.74,-21.6,-24.9
36.78,-13.44,2.336
37.74,-11.92,0.3429
34.89,-12.76,7.713
73.14,-54.38,2.182
33.07,-27.82,-16.86
44.87,-49.16,-25.76
47.18,-62.98,-47.08
65.56,-106.2,-41.24
52.36,-80.27,-42.55
32.34,-44.41,-32.05
43.49,-66.62,-48.08
58.49,-95.79,-56.11
47.83,-87.29,-55.9
42.68,-68.51,-45.33
24.85,-10.29,19.21
32.52,-38.49,-12.66
37.94,-76.04,-102.3
35.39,-79.61,-47.13
38.97,-78.92,-51.61
37.77,-80.54,-41.84
33.52,-68.07,-61.17
42.97,-87.57,-23.6
31.46,-65.95,-16.12
24.4,-12.88,48.61
26.68,-20.22,17.11
19.82,-7.078,15.48
22.15,-8.44,27.39
24.97,-21.53,16.9
26.57,-50.34,-1.772
15.4,-15.44,10.67
20.14,-22.45,7.057
30.67,-76.13,-21.52
23.79,-63.23,-17.13
28.58,-84.69,-34.43
27.57,-99.65,-30.84
26.61,-98.88,-85.6
14.93,-55.87,-142.3
11.7,-37.48,-49.31
18.32,-71.99,-36.9
10.92,-15.91,5.888
11.14,-22.49,-0.3227
13.26,-35.74,-1.898
15.35,-48.67,-5.198
19.9,-83.9,-10.84
9.172,-38.02,-40.83
10.47,-46.12,-62.16
9.67,-46.49,-87.16
6.26,-34.98,-68.47
6.051,-23.74,-17.44
6.197,-32.91,-42.9
7.521,-52.8,-97.85
6.225,-47.04,-123.8
10.45,-91.39,-154.4
6.827,-71.14,-176
5.942,-65.86,-192
4.822,-52.95,-168.9
11.77,-115.3,-186.2
3.756,-123.7,-152.6
3.652,-130.1,-115.9
3.553,-120.8,-113
1.718,-74.39,-105.6
1.414,-69.11,-92.16
1.301,-49.91,-64.01
2.34,-94.09,-63.05
1.483,-82.52,-77.34
1.213,-57.68,-39.99
3.007,-114.4,-76.16
1.918,-81.16,-59.12
1.367,-40.45,-24.13
2.85,-101.6,-57.41
2.807,-107.4,-80.5
1.884,-98.03,-81.13
1.989,-83.97,-57.06
1.421,-44.21,-31.39
2.033,-100.2,-101.7
1.11,-39.25,-80.55
1.042,-55.79,-174.1
1.71,-89.89,-174.6
1.849,-110.4,-123.5
1.786,-113.2,-145.1
2.629,-125.2,-165.8
2.636,-126.7,-181.6
2.648,-128.2,-176.8
1.525,-75.57,-82.48
1.327,-59.52,-63.18
1.278,-67.44,-65.31
1.44,-89.06,-88.03
1.159,-64.33,-60.9
1.612,-60.89,-65.88
